Level,1,2,3,4,5,6,7,8
,Carbohydrate components [GRP_CHO],,,,,,,
,,carbohydrate [CHO],,,,,,
,,"carbohydrate, total [CHOT]",,,,,,
,,"carbohydrates, unspecified [CHOU]",,,,,,
,,Fibre [GRP_FIB],,,,,,
,,,"fibre, crude [FIBC]",,,,,
,,,"fibre, total dietary [FIBT]",,,,,
,,,,"fibre, high molecular weight [FIBHMW]",,,,
,,,,,"fibre, high molecular weight, water-insoluble [FIBHMWI]",,,
,,,,,,"fibre, water-insoluble [FIBINS]",,
,,,,,"fibre, high molecular weight, water-soluble [FIBHMWS]",,,
,,,,,,"fibre, water-soluble [FIBSOL]",,
,,,,"fibre, low molecular weight [FIBLMW]",,,,
,,,,,"oligosaccharides, non-digestible [NDO]",,,
,,,,,,algae derived marine oligosaccharides [ADMO],,
,,,,,,,chitooligosaccharides [COS],
,,,,,,alpha galactosides [GALSD],,
,,,,,,,ajugose [AJUGS],
,,,,,,,raffinose [RAFS],
,,,,,,,stachyose [STAS],
,,,,,,,verbascose [VERS],
,,,,,,arabinooligosaccharides [AOS],,
,,,,,,cyclodextrins [CDEXTRN],,
,,,,,,fructooligosaccharides [FOS],,
,,,,,,,"fructooligosaccharides, graminan-type [GRAMNFOS]",
,,,,,,,,"1,6-kestotetraose [KEST1-6]"
,,,,,,,"fructooligosaccharides, inulin-type [INULFOS]",
,,,,,,,,1F--fructofuranosylnystose [FNYSTS]
,,,,,,,,1-kestose [KEST1]
,,,,,,,,nystose [NYSTS]
,,,,,,,"fructooligosaccharides, levan-type [LEVFOS]",
,,,,,,,,6-kestose [KEST6]
,,,,,,,"fructooligosaccharides, neo-type [NEOFOS]",
,,,,,,,,neokestose [NEOKEST]
,,,,,,,,neonystose [NEONYST]
,,,,,,galactooligosaccharides [GOS],,
,,,,,,gentiooligosaccharides [GEOS],,
,,,,,,human milk oligosaccharides [HMO],,
,,,,,,isomaltooligosaccharides [IMO],,
,,,,,,,isomaltotriose [IMALTRS],
,,,,,,,panose [PANOS],
,,,,,,lactosucrose [LACTS],,
,,,,,,maltosylfructosides [MFOS],,
,,,,,,,erlose [ERLOS],
,,,,,,pectic oligosaccharides [POS],,
,,,,,,resistant maltooligosaccharides [RMOS],,
,,,,,,xylooligosaccharides [XOS],,
,,Oligosaccharides [GRP_OLIGO],,,,,,
,,,dextrins [DEXTN],,,,,
,,,"oligosaccharides, available [OLSAC]",,,,,
,,,,maltooligosaccharides [MOS],,,,
,,,,,maltoheptaose [MALHPS],,,
,,,,,maltohexaose [MALHXS],,,
,,,,,maltopentaose [MAPTS],,,
,,,,,maltotetraose [MALTTS],,,
,,,,,maltotriose [MALTRS],,,
,,,"oligosaccharides, non-digestible [NDO]",,,,,
,,,,algae derived marine oligosaccharides [ADMO],,,,
,,,,,chitooligosaccharides [COS],,,
,,,,alpha galactosides [GALSD],,,,
,,,,,ajugose [AJUGS],,,
,,,,,raffinose [RAFS],,,
,,,,,stachyose [STAS],,,
,,,,,verbascose [VERS],,,
,,,,arabinooligosaccharides [AOS],,,,
,,,,cyclodextrins [CDEXTRN],,,,
,,,,fructooligosaccharides [FOS],,,,
,,,,,"fructooligosaccharides, graminan-type [GRAMNFOS]",,,
,,,,,,"1,6-kestotetraose [KEST1-6]",,
,,,,,"fructooligosaccharides, inulin-type [INULFOS]",,,
,,,,,,1F--fructofuranosylnystose [FNYSTS],,
,,,,,,1-kestose [KEST1],,
,,,,,,nystose [NYSTS],,
,,,,,"fructooligosaccharides, levan-type [LEVFOS]",,,
,,,,,,6-kestose [KEST6],,
,,,,,"fructooligosaccharides, neo-type [NEOFOS]",,,
,,,,,,neokestose [NEOKEST],,
,,,,,,neonystose [NEONYST],,
,,,,galactooligosaccharides [GOS],,,,
,,,,gentiooligosaccharides [GEOS],,,,
,,,,human milk oligosaccharides [HMO],,,,
,,,,isomaltooligosaccharides [IMO],,,,
,,,,,isomaltotriose [IMALTRS],,,
,,,,,panose [PANOS],,,
,,,,lactosucrose [LACTS],,,,
,,,,maltosylfructosides [MFOS],,,,
,,,,,erlose [ERLOS],,,
,,,,pectic oligosaccharides [POS],,,,
,,,,resistant maltooligosaccharides [RMOS],,,,
,,,,xylooligosaccharides [XOS],,,,
,,Polysaccharide analogues [GRP_PSAN],,,,,,
,,,chitin [CHITIN],,,,,
,,,lignin [LIGN],,,,,
,,Polysaccharides [GRP_PSAC],,,,,,
,,,non-starch polysaccharides [NSP],,,,,
,,,,cellulose [CELLU],,,,
,,,,"non-starch polysaccharides, non-cellulosic [PSACNC]",,,,
,,,,,fructan [FRUTN],,,
,,,,,,agavin [AGAVN],,
,,,,,,graminan [GRAMN],,
,,,,,,inulin [INULN],,
,,,,,,levan [LEVN],,
,,,,,,neo-inulin [NINULN],,
,,,,,,neo-levan [NLEVN],,
,,,,,hemicellulose [HEMCEL],,,
,,,,,,beta glucans [GLUCNB],,
,,,,,,glucomannan [GLUMN],,
,,,,,,mannan [MANN],,
,,,,,,xylan [XYLN],,
,,,,,,,arabinoxylan [AXYLN],
,,,,,,,glucuronoarabinoxylan [GAXYLN],
,,,,,,xyloglucan [XYLGLC],,
,,,,,"non-starch polysaccharides, non-cellulosic, water-insoluble [PSACNCI]",,,
,,,,,"non-starch polysaccharides, non-cellulosic, water-soluble [PSACNCS]",,,
,,,,,pectin [PECT],,,
,,,,,polyuronic acids [PURAC],,,
,,,Starch [GRP_STAR],,,,,
,,,,amylopectin [AMYP],,,,
,,,,amylose [AMYS],,,,
,,,,dextrins [DEXTN],,,,
,,,,glycogen [GLYC],,,,
,,,,polydextrose [POLYDEXS],,,,
,,,,"starch, resistant [STARES]",,,,
,,,,,"starch, resistant RS1 [STARES1]",,,
,,,,,"starch, resistant RS2 [STARES2]",,,
,,,,,"starch, resistant RS3 [STARES3]",,,
,,,,,"starch, resistant RS4 [STARES4]",,,
,,,,,"starch, resistant RS5 [STARES5]",,,
,,,,"starch, total [STARCH]",,,,
,,Sugar alcohols [GRP_SUGOH],,,,,,
,,,erythritol [ERYTHL],,,,,
,,,inositol [INOTL],,,,,
,,,inositol diphosphate [INOTLP2],,,,,
,,,inositol monophosphate [INOTLP1],,,,,
,,,inositol pentaphosphate [INOTLP5],,,,,
,,,inositol tetraphosphate [INOTLP4],,,,,
,,,inositol triphosphate [INOTLP3],,,,,
,,,isomalt [ISOMALT],,,,,
,,,lactitol [LACTL],,,,,
,,,maltitol [MALTL],,,,,
,,,mannitol [MANTL],,,,,
,,,phytic acid [PHYTAC],,,,,
,,,"polyols, total [POLYL]",,,,,
,,,sorbitol [SORTL],,,,,
,,,xylitol [XYLTL],,,,,
,,Sugars [GRP_SUGAR],,,,,,
,,,Disaccharides [GRP_DISAC],,,,,
,,,,"disaccharides, total [DISAC]",,,,
,,,,lactose [LACS],,,,
,,,,maltose [MALS],,,,
,,,,sucrose [SUCS],,,,
,,,,trehalose [TRES],,,,
,,,Monosaccharides [GRP_MNSAC],,,,,
,,,,arabinose [ARAS],,,,
,,,,fructose [FRUS],,,,
,,,,galactose [GALS],,,,
,,,,glucose [GLUS],,,,
,,,,mannose [MANS],,,,
,,,,"monosaccharides, total [MNSAC]",,,,
,,,,ribose [RIBS],,,,
,,,,tagatose [TAGS],,,,
,,,,xylose [XYLS],,,,
,,,"sugar, added [SUGAD]",,,,,
OPKP,,,"sugar, free [FSUGAD]",,,,,
OPKP,,,"sugar, simple [SSUGAD]",,,,,
,,,"sugar, natural [SUGAN]",,,,,
,,,Sugars in fibre [GRP_SUGFB],,,,,
,,,,hexoses in dietary fibre [FIBHEX],,,,
,,,,pentoses in dietary fibre [FIBPEN],,,,
,,,"sugars, total [SUGAR]",,,,,
,Food additives [GRP_FADD],,,,,,,
OPKP,,probiotics [PROBIO],,,,,,
OPKP,,,Bifidobacterium infantis [B.INFANTIS],,,,,
OPKP,,,Bifidobacterium animalis subsp. lactis [BB-12],,,,,
OPKP,,,Lactobacillus casei DN-114 001  [DN-114-001],,,,,
OPKP,,,Bifidobacterium animalis DN-173 010 [DN-173-010],,,,,
OPKP,,,Enterococcus faecalis [E.FAECALIS],,,,,
OPKP,,,Lactobacillus gasseri [L.GASSERI],,,,,
OPKP,,,Lactobacillus acidophilus LA-05 [LA-5],,,,,
OPKP,,,Lactobacillus rhamnosus GG [LGG],,,,,
,,benzoic acid [BENAC],,,,,,
,,sorbic acid [SORAC],,,,,,
,,sweteners [SWEETNR],,,,,,
,,,acesulfame-K [ACESK],,,,,
,,,advantame [ADVANTM],,,,,
,,,aspartame [ASPM],,,,,
,,,aspartame-acesulfame salt [ASPM-ACES],,,,,
,,,cyclamate [CYCL],,,,,
,,,erythritol [ERYTHL],,,,,
,,,isomalt [ISOMALT],,,,,
,,,lactitol [LACTL],,,,,
,,,maltitol [MALTL],,,,,
,,,mannitol [MANTL],,,,,
,,,neohesperidin dihydrochalcone [NEOHESP],,,,,
,,,neotame [NEOTM],,,,,
,,,polyglycitol syrup [PGLYCT],,,,,
,,,saccharin [SACC],,,,,
,,,,calcium-saccharin [SACCCA],,,,
,,,,potassium-saccharin [SACCK],,,,
,,,,sodium-saccharin [SACCNA],,,,
,,,sorbitol [SORTL],,,,,
,,,steviol glycosides [STEVGLYC],,,,,
,,,,dulcoside A [DULCA],,,,
,,,,rebaudioside A [REBA],,,,
,,,,rebaudioside B [REBB],,,,
,,,,rebaudioside C [REBC],,,,
,,,,rebaudioside D [REBD],,,,
,,,,rebaudioside E [REBE],,,,
,,,,rebaudioside F [REBF],,,,
,,,,rebaudioside M [REBM],,,,
,,,,rubusoside [RUB],,,,
,,,,steviol [STEVL],,,,
,,,,steviolbioside [STEVBIO],,,,
,,,,stevioside [STEV],,,,
,,,sucralose [SUCRL],,,,,
,,,thaumatin [THAUMN],,,,,
,,,xylitol [XYLTL],,,,,
,Food properties and measures [GRP_FOOD],,,,,,,
,,chemical score [CHEMSC],,,,,,
,,density/specific gravity [DEN],,,,,,
,,edible portion [EDIBLE],,,,,,
,,fatty acid conversion factor [FACF],,,,,,
,,nitrogen conversion factor [NCF],,,,,,
,,pH [PH],,,,,,
,,"solids, total [SOLID]",,,,,,
,,usual portion [PORTION],,,,,,
,,waste [WASTE],,,,,,
OPKP,,shape [SHAPE],,,,,,
OPKP,,taste [TASTE],,,,,,
OPKP,,color [COLOR],,,,,,
OPKP,,consistency [CONSISTENCY],,,,,,
OPKP,,seasonal quality [SQ],,,,,,
OPKP,,carbon dioxide equivalent [CO2E],,,,,,
OPKP,,glycemic index [GI],,,,,,
OPKP,,glycemic load [GL],,,,,,
OPKP,,hydrophilic ORAC [H-ORAC],,,,,,
OPKP,,lipophilic ORAC [L-ORAC],,,,,,
OPKP,,oxygen radical absorbance capacity [TOTAL-ORAC],,,,,,
,Lipid components [GRP_LIPD],,,,,,,
,,Carotenoids [GRP_CART],,,,,,
,,,alpha-carotene [CARTA],,,,,
,,,alpha-cryptoxanthin [CRYPXA],,,,,
,,,astaxanthin [ASTAX],,,,,
,,,beta-carotene [CARTB],,,,,
,,,"beta-carotene, cis [CARTBCIS]",,,,,
,,,"beta-carotene, total [CARTBTOT]",,,,,
,,,beta-cryptoxanthin [CRYPXB],,,,,
,,,canthaxanthin [CTX],,,,,
,,,capsanthin [CAPSAN],,,,,
,,,"carotenoids, total [CAROTENS]",,,,,
,,,cryptoxanthins [CRYPX],,,,,
,,,gamma-carotene [CARTG],,,,,
,,,lutein [LUTN],,,,,
,,,lutein plus zeaxanthine [LUTEZEAX],,,,,
,,,lycopene [LYCPN],,,,,
,,,zeaxanthin [ZEA],,,,,
,,Fats [GRP_FAT],,,,,,
,,,fat expressed as triacyl glycerol (TAG) [GRP_FATTAG],,,,,
,,,,"fat, monounsaturated cis, total [FATMUCIS]",,,,
,,,,"fat, monounsaturated, total [FATMU]",,,,
,,,,"fat, polyunsaturated, total [FATPU]",,,,
,,,,"fat, saturated, total [FATSAT]",,,,
,,,,"fat, trans, total [FATTRN]",,,,
,,,,"fat, unsaturated, total [FATUNSAT]",,,,
,,,"fat, animal [FATAN]",,,,,
,,,"fat, plant [FATPL]",,,,,
,,,"fat, total [FAT]",,,,,
,,,"fat, unknown origin [FATUNK]",,,,,
,,,salatrims [SALATR],,,,,
,,Fatty acids [GRP_FA],,,,,,
,,,"Fatty acids, general [GRP_FAGEN]",,,,,
,,,,fatty acid 16:unidentified [F16:UN],,,,
,,,,fatty acid 22:unidentified [F22:UN],,,,
,,,,"fatty acid, unidentified [FAUN]",,,,
,,,,"fatty acids, total [FACID]",,,,
,,,,"fatty acids, total C12 and above [F12:A]",,,,
,,,,"fatty acids, total cis [FACIS]",,,,
,,,,"fatty acids, total cis n-3 [FACN3]",,,,
,,,,"fatty acids, total cis n-6 [FACN6]",,,,
,,,,"fatty acids, total cis n-9 [FACN9]",,,,
,,,,"fatty acids, total essential [FAESS]",,,,
,,,,"fatty acids, total free [FAFRE]",,,,
,,,,"fatty acids, total n-3 [FAN3]",,,,
,,,,"fatty acids, total n-6 [FAN6]",,,,
,,,,"fatty acids, total n-9 [FAN9]",,,,
,,,,"fatty acids, total trans [FATRS]",,,,
,,,,"fatty acids, total trans n-3 [FATN3]",,,,
,,,,"fatty acids, total trans n-6 [FATN6]",,,,
,,,,"fatty acids, total trans n-9 [FATN9]",,,,
,,,,"fatty acids, total unsaturated [FAUNSAT]",,,,
,,,,"fatty acids, total, calculated as triacylglycerol equivalents [FACIDCTG]",,,,
,,,Monounsaturated fatty acids [GRP_FAMS],,,,,
,,,,fatty acid 10:1 [F10:1],,,,
,,,,,fatty acid 10:1 (caproleic acid) [F10:1CN1],,,
,,,,,fatty acid 10:1 cis [F10:1CIS],,,
,,,,,fatty acid 10:1 trans [F10:1TRS],,,
,,,,fatty acid 12:1 [F12:1],,,,
,,,,,fatty acid 12:1 (lauroleic acid) [F12:1CN3],,,
,,,,,fatty acid 12:1 cis [F12:1CIS],,,
,,,,,fatty acid 12:1 trans [F12:1TRS],,,
,,,,fatty acid 14:1 [F14:1],,,,
,,,,,fatty acid 14:1 cis [F14:1CIS],,,
,,,,,fatty acid 14:1 n-5 cis (myristoleic acid) [F14:1CN5],,,
,,,,,fatty acid 14:1 n-5 trans (myristelaidic acid) [F14:1TN5],,,
,,,,,fatty acid 14:1 n-9 cis [F14:1CN9],,,
,,,,,fatty acid 14:1 trans [F14:1TRS],,,
,,,,fatty acid 15:1 (pentadecenoic acid) [F15:1],,,,
,,,,,fatty acid 15:1 cis [F15:1CIS],,,
,,,,,fatty acid 15:1 cis unknown position [F15:1CNX],,,
,,,,,fatty acid 15:1 n-8 cis [F15:1CN8],,,
,,,,,fatty acid 15:1 n-9 cis [F15:1CN9],,,
,,,,,fatty acid 15:1 trans [F15:1TRS],,,
,,,,fatty acid 16:1 [F16:1],,,,
,,,,,fatty acid 16:1 cis [F16:1CIS],,,
,,,,,fatty acid 16:1 n-5 cis [F16:1CN5],,,
,,,,,fatty acid 16:1 n-7 cis (palmitoleic acid) [F16:1CN7],,,
,,,,,fatty acid 16:1 n-7 trans [F16:1TN7],,,
,,,,,fatty acid 16:1 n-9 cis [F16:1CN9],,,
,,,,,fatty acid 16:1 n-9 trans [F16:1TN9],,,
,,,,,fatty acid 16:1 remainder [F16:1R],,,
,,,,,fatty acid 16:1 trans [F16:1TRS],,,
,,,,fatty acid 16:1 iso [F16:1I],,,,
,,,,fatty acid 17:1 (heptadecenoic acid) [F17:1],,,,
,,,,,fatty acid 17:1 cis [F17:1CIS],,,
,,,,,fatty acid 17:1 n-8 cis [F17:1CN8],,,
,,,,,fatty acid 17:1 n-9 cis [F17:1CN9],,,
,,,,,fatty acid 17:1 trans [F17:1TRS],,,
,,,,fatty acid 18:1 (octadecenoic acid) [F18:1],,,,
,,,,,fatty acid 18:1 (n<4) cis [F18:1CN3B],,,
,,,,,fatty acid 18:1 cis [F18:1CIS],,,
,,,,,"fatty acid 18:1 cis, remainder [F18:1CR]",,,
,,,,,fatty acid 18:1 n-10 cis [F18:1CN10],,,
,,,,,fatty acid 18:1 n-10 trans [F18:1TN10],,,
,,,,,fatty acid 18:1 n-11 cis [F18:1CN11],,,
,,,,,fatty acid 18:1 n-11 trans [F18:1TN11],,,
,,,,,fatty acid 18:1 n-12 cis [F18:1CN12],,,
,,,,,fatty acid 18:1 n-12 trans [F18:1TN12],,,
,,,,,fatty acid 18:1 n-13 cis [F18:1CN13],,,
,,,,,fatty acid 18:1 n-2 trans [F18:1TN2],,,
,,,,,fatty acid 18:1 n-3 cis [F18:1CN3],,,
,,,,,fatty acid 18:1 n-3 trans [F18:1TN3],,,
,,,,,fatty acid 18:1 n-4 cis [F18:1CN4],,,
,,,,,fatty acid 18:1 n-4 trans [F18:1TN4],,,
,,,,,fatty acid 18:1 n-5 cis [F18:1CN5],,,
,,,,,fatty acid 18:1 n-5 trans [F18:1TN5],,,
,,,,,fatty acid 18:1 n-6 cis [F18:1CN6],,,
,,,,,fatty acid 18:1 n-6 trans [F18:1TN6],,,
,,,,,fatty acid 18:1 n-7 cis [F18:1CN7],,,
,,,,,fatty acid 18:1 n-7 trans [F18:1TN7],,,
,,,,,fatty acid 18:1 n-8 cis [F18:1CN8],,,
,,,,,fatty acid 18:1 n-8 trans [F18:1TN8],,,
,,,,,fatty acid 18:1 n-9 cis (oleic acid) [F18:1CN9],,,
,,,,,fatty acid 18:1 n-9 trans (elaidic acid) [F18:1TN9],,,
,,,,,fatty acid 18:1 remainder [F18:1R],,,
,,,,,fatty acid 18:1 total trans [F18:1TRS],,,
,,,,fatty acid 18:1 iso [F18:1I],,,,
,,,,fatty acid 18:1 OH n-7 (ricinoleic acid) [F18:1N9O],,,,
,,,,fatty acid 19:1 (nonadecenoic acid) [F19:1],,,,
,,,,,fatty acid 19:1 cis [F19:1CIS],,,
,,,,,fatty acid 19:1 trans [F19:1TRS],,,
,,,,fatty acid 20:1 (eicosenoic acid) [F20:1],,,,
,,,,,fatty acid 20:1 cis [F20:1CIS],,,
,,,,,fatty acid 20:1 n-11 cis [F20:1CN11],,,
,,,,,fatty acid 20:1 n-11 trans [F20:1TN11],,,
,,,,,fatty acid 20:1 n-7 cis [F20:1CN7],,,
,,,,,fatty acid 20:1 n-9 cis [F20:1CN9],,,
,,,,,fatty acid 20:1 n-9 trans [F20:1TN9],,,
,,,,,fatty acid 20:1 trans [F20:1TRS],,,
,,,,fatty acid 22:1 (docosenoic acid) [F22:1],,,,
,,,,,fatty acid 22:1 cis [F22:1CIS],,,
,,,,,fatty acid 22:1 n-11 cis (cetoleic acid) [F22:1CN11],,,
,,,,,fatty acid 22:1 n-7 [F22:1N7],,,
,,,,,fatty acid 22:1 n-9 cis (erucic acid) [F22:1CN9],,,
,,,,,fatty acid 22:1 n-9 trans (brassidic acid) [F22:1TN9],,,
,,,,,fatty acid 22:1 trans [F22:1TRS],,,
,,,,fatty acid 24:1 (tetracosenoic acid) [F24:1],,,,
,,,,,fatty acid 24:1 cis [F24:1CIS],,,
,,,,,fatty acid 24:1 n-9 cis [F24:1CN9],,,
,,,,,fatty acid 24:1 n-9 trans [F24:1TN9],,,
,,,,,fatty acid 24:1 trans [F24:1TRS],,,
,,,,"fatty acids, monounsaturated, cis, remainder [FAMSCXR]",,,,
,,,,"fatty acids, monounsaturated, remainder [FAMSXR]",,,,
,,,,"fatty acids, monounsaturated, total cis [FAMSCIS]",,,,
,,,,"fatty acids, monounsaturated, total trans [FAMSTRS]",,,,
,,,,"fatty acids, monounsaturated, trans, remainder [FAMSTXR]",,,,
,,,,"fatty acids, total monounsaturated [FAMS]",,,,
,,,Polyunsaturated fatty acids [GRP_FAPU],,,,,
,,,,fatty acid 16:2 [F16:2],,,,
,,,,,"fatty acid 16:2 n-4 cis,cis [F16:2CN4]",,,
,,,,fatty acid 16:3 [F16:3],,,,
,,,,,fatty acid 16:3 n-3 all-cis [F16:3CN3],,,
,,,,fatty acid 16:4 [F16:4],,,,
,,,,,fatty acid 16:4 n-3 all-cis [F16:4CN3],,,
,,,,fatty acid 18:2 [F18:2],,,,
,,,,,fatty acid 18:2 cis + trans [F18:2CT],,,
,,,,,fatty acid 18:2 conjugated [F18:2CON],,,
,,,,,"fatty acid 18:2 conjugated, c9,t11 [F18:2C9T11]",,,
,,,,,"fatty acid 18:2 conjugated, t10,c12 [F18:2T10C12]",,,
,,,,,"fatty acid 18:2 n-6 cis,cis [F18:2CN6]",,,
,,,,,"fatty acid 18:2 n-6 trans,trans [F18:2TTN6]",,,
,,,,,"fatty acid 18:2 n-9 cis,cis [F18:2CN9]",,,
,,,,,fatty acid 18:2 remainder [F18:2R],,,
,,,,,fatty acid 18:2 trans [F18:2TRS],,,
,,,,,fatty acid 18:2 trans + cis [F18:2TC],,,
,,,,,"fatty acid 18:2, n-6 or n-9 not known [F18:2CNX]",,,
,,,,fatty acid 18:2 iso [F18:2I],,,,
,,,,fatty acid 18:3 [F18:3],,,,
,,,,,fatty acid 18:3 n-3 [F18:3N3],,,
,,,,,fatty acid 18:3 n-3 all-cis [F18:3CN3],,,
,,,,,fatty acid 18:3 n-3 all-trans [F18:3TTTN3],,,
,,,,,fatty acid 18:3 n-6 [F18:3N6],,,
,,,,,fatty acid 18:3 n-6 all-cis [F18:3CN6],,,
,,,,,fatty acid 18:3 trans [F18:3TRS],,,
,,,,fatty acid 18:4 [F18:4],,,,
,,,,,fatty acid 18:4 n-3 [F18:4N3],,,
,,,,,fatty acid 18:4 n-3 all-cis [F18:4CN3],,,
,,,,fatty acid 19:3 [F19:3],,,,
,,,,fatty acid 20:2 (eicosadienoic acid) [F20:2],,,,
,,,,,fatty acid 20:2 n-6 [F20:2N6],,,
,,,,,"fatty acid 20:2 n-6 cis,cis [F20:2CN6]",,,
,,,,,"fatty acid 20:2 n-6 trans,trans [F20:2TN6]",,,
,,,,,"fatty acid 20:2 trans,trans [F20:2TT]",,,
,,,,fatty acid 20:3 (eicosatrienoic acid) [F20:3],,,,
,,,,,fatty acid 20:3 n-3 [F20:3N3],,,
,,,,,fatty acid 20:3 n-3 all-cis [F20:3CN3],,,
,,,,,fatty acid 20:3 n-6 [F20:3N6],,,
,,,,,fatty acid 20:3 n-6 all-cis [F20:3CN6],,,
,,,,,fatty acid 20:3 n-9 all-cis [F20:3CN9],,,
,,,,,fatty acid 20:3 trans [F20:3TRS],,,
,,,,fatty acid 20:4 (eicosatetraenoic acid) [F20:4],,,,
,,,,,fatty acid 20:4 n-3 [F20:4N3],,,
,,,,,fatty acid 20:4 n-3 all-cis [F20:4CN3],,,
,,,,,fatty acid 20:4 n-6 [F20:4N6],,,
,,,,,fatty acid 20:4 n-6 all-cis [F20:4CN6],,,
,,,,,fatty acid 20:4 trans [F20:4TRS],,,
,,,,fatty acid 20:5 (eicopentaenoic acid) [F20:5],,,,
,,,,,fatty acid 20:5 n-3 [F20:5N3],,,
,,,,,fatty acid 20:5 n-3 all-cis [F20:5CN3],,,
,,,,,fatty acid 20:5 n-6 [F20:5N6],,,
,,,,fatty acid 21:5 (heneicosapentaenoic acid) [F21:5],,,,
,,,,,fatty acid 21:5 n-3 (heneicosapentaenoic acid) [F21:5N3],,,
,,,,,fatty acid 21:5 n-3 all-cis [F21:5CN3],,,
,,,,fatty acid 22:2 (docosadienoic acid) [F22:2],,,,
,,,,,"fatty acid 22:2 n-3 cis,cis [F22:2CN3]",,,
,,,,,"fatty acid 22:2 n-6 cis,cis [F22:2CN6]",,,
,,,,,fatty acid 22:2 trans [F22:2TRS],,,
,,,,fatty acid 22:3 [F22:3],,,,
,,,,,fatty acid 22:3 n-3 all-cis [F22:3CN3],,,
,,,,fatty acid 22:4 (docosatetraenoic acid) [F22:4],,,,
,,,,,fatty acid 22:4 n-3 [F22:4N3],,,
,,,,,fatty acid 22:4 n-6 [F22:4N6],,,
,,,,,fatty acid 22:4 n-6 all-cis [F22:4CN6],,,
,,,,fatty acid 22:5 (docosapentaenoic acid) [F22:5],,,,
,,,,,fatty acid 22:5 n-3 [F22:5N3],,,
,,,,,fatty acid 22:5 n-3 all-cis [F22:5CN3],,,
,,,,,fatty acid 22:5 n-6 [F22:5N6],,,
,,,,,fatty acid 22:5 n-6 all-cis [F22:5CN6],,,
,,,,,fatty acid 22:5 trans [F22:5TRS],,,
,,,,fatty acid 22:6 (docosahexaenoic acid) [F22:6],,,,
,,,,,fatty acid 22:6 n-3 [F22:6N3],,,
,,,,,fatty acid 22:6 n-3 all-cis [F22:6CN3],,,
,,,,,fatty acid 22:6 trans [F22:6TRS],,,
,,,,fatty acid 24:2 (tetracosadienoic acid) [F24:2],,,,
,,,,,fatty acid 24:2 n-6 [F24:2N6],,,
,,,,,"fatty acid 24:2 n-6 cis,cis [F24:2CN6]",,,
,,,,fatty acid 24:6 (tetracosahexaenoic acid) [F24:6],,,,
,,,,,fatty acid 24:6 n-3 all-cis [F24:6CN3],,,
,,,,"fatty acids, cis polyunsaturated, remainder [FAPUCR]",,,,
,,,,"fatty acids, polyunsaturated, cis, remainder [FAPUCXR]",,,,
,,,,"fatty acids, polyunsaturated, other (= PUFA-linoleic-linolenic) [FAPUOT]",,,,
,,,,"fatty acids, polyunsaturated, remainder [FAPUXR]",,,,
,,,,"fatty acids, polyunsaturated, total C20 [F20:P]",,,,
,,,,"fatty acids, polyunsaturated, total C22 [F22:P]",,,,
,,,,"fatty acids, polyunsaturated, total cis [FAPUCIS]",,,,
,,,,"fatty acids, polyunsaturated, total cis methylene-interrupted [FAPUCISN]",,,,
,,,,"fatty acids, polyunsaturated, total cis n-3 [FAPUCN3]",,,,
,,,,"fatty acids, polyunsaturated, total cis n-6 [FAPUCN6]",,,,
,,,,"fatty acids, polyunsaturated, total long-chain [FAPULC]",,,,
,,,,"fatty acids, polyunsaturated, total n-3 [FAPUN3]",,,,
,,,,"fatty acids, polyunsaturated, total n-3 fish [FAPUN3FI]",,,,
,,,,"fatty acids, polyunsaturated, total n-3 long-chain [FAPUN3LC]",,,,
,,,,"fatty acids, polyunsaturated, total n-3 vegetable [FAPUN3VE]",,,,
,,,,"fatty acids, polyunsaturated, total n-6 [FAPUN6]",,,,
,,,,"fatty acids, polyunsaturated, total n-9 [FAPUN9]",,,,
,,,,"fatty acids, polyunsaturated, total trans [FAPUTRS]",,,,
,,,,"fatty acids, polyunsaturated, total trans n-3 [FAPUTN3]",,,,
,,,,"fatty acids, polyunsaturated, total trans n-6 [FAPUTN6]",,,,
,,,,"fatty acids, polyunsaturated, trans remainder [FAPUTXR]",,,,
,,,,"fatty acids, total polyunsaturated [FAPU]",,,,
,,,Saturated fatty acids [GRP_FASAT],,,,,
,,,,fatty acid 10:0 (capric acid) [F10:0],,,,
,,,,fatty acid 11:0 [F11:0],,,,
,,,,fatty acid 12:0 (lauric acid) [F12:0],,,,
,,,,fatty acid 13:0 (tridecanoic acid) [F13:0],,,,
,,,,fatty acid 13:0 iso (isotridecanoic acid) [F13:0I],,,,
,,,,fatty acid 14:0 (myristic acid) [F14:0],,,,
,,,,fatty acid 14:0 anteiso [F14:0AI],,,,
,,,,fatty acid 14:0 iso [F14:0I],,,,
,,,,fatty acid 15:0 (pentadecylic acid) [F15:0],,,,
,,,,fatty acid 15:0 + 17:0 [F15+17],,,,
,,,,fatty acid 15:0 anteiso [F15:0AI],,,,
,,,,fatty acid 15:0 iso [F15:0I],,,,
,,,,fatty acid 16:0 (palmitic acid) [F16:0],,,,
,,,,fatty acid 16:0 (trimethyltridecanoic acid) [F16:0-3ME],,,,
,,,,fatty acid 16:0 anteiso [F16:0AI],,,,
,,,,fatty acid 16:0 iso [F16:0I],,,,
,,,,fatty acid 17:0 (margaric acid) [F17:0],,,,
,,,,fatty acid 17:0 anteiso [F17:0AI],,,,
,,,,fatty acid 17:0 iso [F17:0I],,,,
,,,,fatty acid 18:0 (stearic acid) [F18:0],,,,
,,,,fatty acid 18:0 anteiso [F18:0AI],,,,
,,,,fatty acid 18:0 dihydroxy [F18:0DO],,,,
,,,,fatty acid 18:0 iso [F18:0I],,,,
,,,,fatty acid 19:0 (pristanic acid) [F19:0-4ME],,,,
,,,,fatty acid 19:0 [F19:0],,,,
,,,,fatty acid 20:0 (arachidic acid) [F20:0],,,,
,,,,fatty acid 20:0 (phytanic acid) [F20:0-4ME],,,,
,,,,fatty acid 20:0 iso [F20:0I],,,,
,,,,fatty acid 21:0 [F21:0],,,,
,,,,fatty acid 22:0 (behenic acid) [F22:0],,,,
,,,,fatty acid 23:0 (tricosanoic acid) [F23:0],,,,
,,,,fatty acid 24:0 (lignoceric acid) [F24:0],,,,
,,,,fatty acid 25:0 [F25:0],,,,
,,,,fatty acid 26:0 [F26:0],,,,
,,,,fatty acid 4:0 (butyric acid) [F4:0],,,,
,,,,fatty acid 5:0 [F5:0],,,,
,,,,fatty acid 6:0 (caproic acid) [F6:0],,,,
,,,,fatty acid 7:0 [F7:0],,,,
,,,,fatty acid 8:0 (caprylic acid) [F8:0],,,,
,,,,fatty acid 9:0 [F9:0],,,,
,,,,fatty acids 12:0 - 16:0 [F12-16:0],,,,
,,,,fatty acids 4:0 - 10:0 [F4-10:0],,,,
,,,,fatty acids 4:0 - 8:0 [F4-8:0],,,,
,,,,"fatty acids, saturated, remainder [FASATXR]",,,,
,,,,"fatty acids, total saturated [FASAT]",,,,
,,,,"fatty acids, trans saturated, remainder [FASATR]",,,,
,,glycerol [GLYRL],,,,,,
,,Phospho- and glycolipids [GRP_PGLIP],,,,,,
,,,"glycolipids, total [GLYLIP]",,,,,
,,,phosphatidyl choline (lecithin) [CHLNP],,,,,
,,,"phospholipids, total [PHOLIP]",,,,,
,,,plasmalogen [PLSGN],,,,,
,,,sphingolipid [SPHLIP],,,,,
,,Retinoids [GRP_RET],,,,,,
,,,11-cis-retinaldehyde [RETALD11],,,,,
,,,13-cis retinol [RETOL13],,,,,
,,,13-cis-retinoic acid [RETINAC13],,,,,
,,,all-trans retinol [RETOLAT],,,,,
,,,dehydroretinol [RETOLDH],,,,,
,,,retinaldehyde [RETALD],,,,,
,,,retinoic acid [RETINAC],,,,,
,,,retinol (preformed vitamin A) [RETOL],,,,,
,,Sterols [GRP_STERL],,,,,,
,,,24-methylcholest-7-erol [CHOLM],,,,,
,,,"avenasterol, total [AVEDT]",,,,,
,,,brassicasterol [BRASTR],,,,,
,,,"campesterol, total [CAMT]",,,,,
,,,cholesterol [CHORL],,,,,
,,,delta 5-avenasterol (delta 5-avenastenol) [AVED5],,,,,
,,,delta 5-campesterol (delta 5-campestenol) [CAMD5],,,,,
,,,"delta 7,9,11-stigmastadienol [STID7911]",,,,,
,,,delta 7-avenasterol (delta 7-avenastenol) [AVED7],,,,,
,,,delta 7-campesterol (delta 7-campestenol) [CAMD7],,,,,
,,,delta 7-stigmasterol [STID7],,,,,
,,,fucosterol [FUCSTR],,,,,
,,,isofucosterol [FUCSTR28],,,,,
,,,"phytosterols, total (total plant sterols) [PHYSTR]",,,,,
,,,sitosterol [SITSTR],,,,,
,,,spinasterol [SPISTR],,,,,
,,,"sterols, other [STEROTH]",,,,,
,,,"sterols, total [STERT]",,,,,
,,,stigmasterol [STGSTR],,,,,
,Minerals and inorganic components [GRP_MIN],,,,,,,
,,"carbon dioxide, free [CO2F]",,,,,,
,,Macroelements [GRP_MINMAC],,,,,,
,,,bromide [BRD],,,,,
,,,calcium [CA],,,,,
,,,chloride [CLD],,,,,
,,,"iron, haem [HAEM]",,,,,
,,,"iron, non-haem [NHAEM]",,,,,
,,,"iron, total [FE]",,,,,
,,,magnesium [MG],,,,,
,,,phosphorus [P],,,,,
,,,,phosphorus pentoxide [P2O5],,,,
,,,potassium [K],,,,,
,,,sodium [NA],,,,,
,,,sulphur [S],,,,,
,,salt [NACL],,,,,,
,,"salt, added [NACLAD]",,,,,,
,,Trace elements [GRP_MINTR],,,,,,
,,,aluminium [AL],,,,,
,,,antimony [SB],,,,,
,,,arsenic [AS],,,,,
,,,barium [BA],,,,,
,,,bismuth [BI],,,,,
,,,boron [B],,,,,
,,,cadmium [CD],,,,,
,,,caesium [CS],,,,,
,,,chromium [CR],,,,,
,,,cobalt [CO],,,,,
,,,copper [CU],,,,,
,,,fluoride [FD],,,,,
,,,gold [AU],,,,,
,,,iodide [ID],,,,,
,,,lanthanum [LA],,,,,
,,,lead [PB],,,,,
,,,lithium [LI],,,,,
,,,manganese [MN],,,,,
,,,mercury [HG],,,,,
,,,molybdenum [MO],,,,,
,,,nickel [NI],,,,,
,,,rubidium [RB],,,,,
,,,"selenium, total [SE]",,,,,
,,,silicon [SI],,,,,
,,,silver [AG],,,,,
,,,strontium [SR],,,,,
,,,tin [SN],,,,,
,,,titanium [TI],,,,,
,,,vanadium [V],,,,,
,,,zinc [ZN],,,,,
,Nitrogen components [GRP_NITR],,,,,,,
,,Amines and related components [GRP_AM],,,,,,
,,,cadaverine [CADAVT],,,,,
,,,choline [CHOLN],,,,,
,,,creatine/creatinine [CREATN],,,,,
,,,dopamine [DOPN],,,,,
,,,histamine [HISTN],,,,,
,,,phenylethylamine [PHETN],,,,,
,,,putrescine [PUTRSC],,,,,
,,,serotonin [SEROTN],,,,,
,,,spermidine [SPERDN],,,,,
,,,spermine [SPERN],,,,,
,,,tryptamine [TRYPN],,,,,
,,,tyramine [TYRA],,,,,
,,Amino acids [GRP_AA],,,,,,
,,,alanine [ALA],,,,,
,,,"amino acids, total aromatic [AAA]",,,,,
,,,"amino acids, total essential", eight essential amino acids [AAE8],,,,
,,,"amino acids, total essential", eight essential amino acids + CYS and TYR [AAE10B],,,,
,,,"amino acids, total essential", eight essential amino acids + HIS [AAE9],,,,
,,,"amino acids, total essential", eight essential amino acids + HIS and ARG [AAE10A],,,,
,,,"amino acids, total essential", unknown which aa are included [AAE-],,,,
,,,"amino acids, total sulphur-containing [AAS]",,,,,
,,,"amino acids, total", precise definition not specified [AAT-],,,,
,,,arginine [ARG],,,,,
,,,asparagine [ASN],,,,,
,,,aspartic acid [ASP],,,,,
,,,cysteine [CYSTE],,,,,
,,,cystine [CYS],,,,,
,,,glutamic acid [GLU],,,,,
,,,glutamine [GLN],,,,,
,,,glycine [GLY],,,,,
,,,histidine [HIS],,,,,
,,,hydroxylysine [HYL],,,,,
,,,hydroxyproline [HYP],,,,,
,,,isoleucine [ILE],,,,,
,,,leucine [LEU],,,,,
,,,lysine [LYS],,,,,
,,,"lysine, available [LYSAVL]",,,,,
,,,methionine [MET],,,,,
,,,phenylalanine [PHE],,,,,
,,,proline [PRO],,,,,
,,,serine [SER],,,,,
,,,taurine [TAU],,,,,
,,,threonine [THR],,,,,
,,,tryptophan [TRP],,,,,
,,,tyrosine [TYR],,,,,
,,,valine [VAL],,,,,
,,ammonia [AMMON],,,,,,
,,nitrates [NITRA],,,,,,
,,nitrites [NITRI],,,,,,
,,Nitrogen heterocycle components [GRP_NHET],,,,,,
,,,piperine [PIPN],,,,,
,,,purines [PURN],,,,,
,,,,adenine [ADEN],,,,
,,,,caffeine [CAFFN],,,,
,,,,theobromine [THEBRN],,,,
,,,,uric acid [URAC],,,,
,,"nitrogen, amino acid [NAA]",,,,,,
,,"nitrogen, non protein [NNP]",,,,,,
,,"nitrosamines, total [NITRN]",,,,,,
,,Proteins [GRP_PROT],,,,,,
,,,albumin [ALBU],,,,,
,,,casein [CASN],,,,,
,,,collagen [COLG],,,,,
,,,gluten [GLUTN],,,,,
,,,"protein, animal [PROTAN]",,,,,
,,,"protein, plant [PROTPL]",,,,,
,,,"protein, unknown origin [PROTUNK]",,,,,
,Organic acids [GRP_OA],,,,,,,
,,acetic acid [ACEAC],,,,,,
,,aconitic acid [ACONAC],,,,,,
,,adipic acid [ADIAC],,,,,,
,,alpha-ketoglutaric acid [GLUAKAC],,,,,,
,,benzoic acid [BENAC],,,,,,
,,caffeic acid [CAFAC],,,,,,
,,chlorogenic acid [CHLRAC],,,,,,
,,citric acid [CITAC],,,,,,
,,diketogulonic acid [GULDKAC],,,,,,
,,D-lactic acid [LACACD],,,,,,
,,ferulic acid [FERAC],,,,,,
,,formic acid [FORAC],,,,,,
,,fumaric acid [FUMAC],,,,,,
,,galacturonic acid [GALAAC],,,,,,
,,gallic acid [GALLAC],,,,,,
,,gluconic acid [GLUCAC],,,,,,
,,glycolic acid [GLYCLAC],,,,,,
,,glyoxalic acid [GLYOXAC],,,,,,
,,isocitric acid [ISOCAC],,,,,,
,,lactic acid [LACAC],,,,,,
,,L-lactic acid [LACACL],,,,,,
,,malic acid [MALAC],,,,,,
,,malonic acid [MALONAC],,,,,,
,,"organic acids, total [OA]",,,,,,
,,oxalic acid [OXALAC],,,,,,
,,oxaloacetic acid [OXACAC],,,,,,
,,para-hydroxybenzoic acid [PARHBAC],,,,,,
,,phytic acid [PHYTAC],,,,,,
,,pimelic acid [PIMAC],,,,,,
,,propionic acid [PROPAC],,,,,,
,,pyroglutamic acid [PYROGAC],,,,,,
,,pyruvic acid [PYRAC],,,,,,
,,quinic acid [QUINAC],,,,,,
,,quinolinic acid [QUINLAC],,,,,,
,,salicylic acid [SALAC],,,,,,
,,shikimic acid [SHIKAC],,,,,,
,,sorbic acid [SORAC],,,,,,
,,succinic acid [SUCAC],,,,,,
,,tartaric acid [TARAC],,,,,,
,Phenolic components [GRP_PHNL],,,,,,,
,,Capsaicinoids [GRP_CAPSA],,,,,,
,,,capsaicin [CAPSA],,,,,
,,Flavonoids [GRP_FLAV],,,,,,
,,,Anthocyanidins and anthocyanins [GRP_ANTCYN],,,,,
,,,,"anthocyanidins, total [ANTCYAN]",,,,
,,,,cyanidin [CYAD],,,,
,,,,delphinidin [DELPH],,,,
,,,,malvidin [MALVIDIN],,,,
,,,,peonidin [PEONIDIN],,,,
,,,,petunidin [PETUNIDIN],,,,
,,,Flavanols [GRP_FLAVANOL],,,,,
,,,,catechin [CATEC],,,,
,,,,"catechins, total [CATECT]",,,,
,,,,epicatechin [EPICATEC],,,,
,,,,epicatechin-3-gallate [EPICATECG3],,,,
,,,,epigallocatechin [EPICATEGC],,,,
,,,,gallocatechin [GALCATEGC],,,,
,,,,"procyanidins, total [PROCYA]",,,,
,,,Flavanones [GRP_FLAVANE],,,,,
,,,,hesperetin [HESPT],,,,
,,,,hesperidin [HESPD],,,,
,,,,naringenin [NARING],,,,
,,,,naringin [NARIN],,,,
,,,,narirutin [NARIR],,,,
,,,Flavones [GRP_FLAVONE],,,,,
,,,,apigenin [APIGEN],,,,
,,,,luteolin [LUTEOL],,,,
,,,,tangeretin [TANGER],,,,
,,,Flavonols [GRP_FLAVONOL],,,,,
,,,,kaempferol [KAEMF],,,,
,,,,myricetin [MYRIC],,,,
,,,,quercetin [QUERCE],,,,
,,,,rutin [RUTIN],,,,
,,Phytoestrogens [GRP_PHYTG],,,,,,
,,,coumestrol [COUMEST],,,,,
,,,Isoflavonoids [GRP_ISOFLAV],,,,,
,,,,biochanin A [BIOCHA],,,,
,,,,daidzein [DDZEIN],,,,
,,,,formononetin [FORMO],,,,
,,,,genistein [GNSTEIN],,,,
,,,,glycitein [GLYCTEIN],,,,
,,,,"isoflavonoids, total [ISOFLVND]",,,,
,,,Lignans [GRP_LIGN],,,,,
,,,,"lignans, total [LIGNANS]",,,,
,,,,matairesinol [MATAIRES],,,,
,,,,secoisolariciresinol [SECORES],,,,
,,tannin [TANNIN],,,,,,
,Proximates [GRP_PROX],,,,,,,
,,alcohol [ALC],,,,,,
,,ash [ASH],,,,,,
,,carbohydrate [CHO],,,,,,
,,"carbohydrate, total [CHOT]",,,,,,
,,dry matter [DRYMAT],,,,,,
,,"energy, gross [ENERA]",,,,,,
,,"energy, total metabolisable [ENERC]",,,,,,
,,"fat, total [FAT]",,,,,,
,,"fibre, total dietary [FIBT]",,,,,,
,,"nitrogen, total [NT]",,,,,,
,,"organic acids, total [OA]",,,,,,
,,"polyols, total [POLYL]",,,,,,
,,"protein, total [PROT]",,,,,,
,,"sugar, added [SUGAD]",,,,,,
,,"sugars, total [SUGAR]",,,,,,
,,water [WATER],,,,,,
,Vitamins [GRP_VIT],,,,,,,
,,Fat soluble vitamins [GRP_VITFAT],,,,,,
,,,Vitamin A and related components [GRP_VITA],,,,,
,,,,all-trans retinol equivalents [RETOLTEQ],,,,
,,,,beta-carotene equivalents (provitamin A carotenoids) [CARTBEQ],,,,
,,,,"carotene, total (vitamin A precursors) [CAROT]",,,,
,,,,Carotenoids [GRP_CART],,,,
,,,,,alpha-carotene [CARTA],,,
,,,,,alpha-cryptoxanthin [CRYPXA],,,
,,,,,astaxanthin [ASTAX],,,
,,,,,beta-carotene [CARTB],,,
,,,,,"beta-carotene, cis [CARTBCIS]",,,
,,,,,"beta-carotene, total [CARTBTOT]",,,
,,,,,beta-cryptoxanthin [CRYPXB],,,
,,,,,canthaxanthin [CTX],,,
,,,,,capsanthin [CAPSAN],,,
,,,,,"carotenoids, total [CAROTENS]",,,
,,,,,cryptoxanthins [CRYPX],,,
,,,,,gamma-carotene [CARTG],,,
,,,,,lutein [LUTN],,,
,,,,,lutein plus zeaxanthine [LUTEZEAX],,,
,,,,,lycopene [LYCPN],,,
,,,,,zeaxanthin [ZEA],,,
,,,,"carotenoids, provitamin A, excluding beta-carotene [CAROTPAXB]",,,,
,,,,Retinoids [GRP_RET],,,,
,,,,,11-cis-retinaldehyde [RETALD11],,,
,,,,,13-cis retinol [RETOL13],,,
,,,,,13-cis-retinoic acid [RETINAC13],,,
,,,,,all-trans retinol [RETOLAT],,,
,,,,,dehydroretinol [RETOLDH],,,
,,,,,retinaldehyde [RETALD],,,
,,,,,retinoic acid [RETINAC],,,
,,,,,retinol (preformed vitamin A) [RETOL],,,
,,,,vitamin A acetate [VITAACT],,,,
,,,,vitamin A palmitate [VITAPAL],,,,
,,,,vitamin A, retinol equiv from retinol and carotenoid activities [VITA],,,
,,,Vitamin D components [GRP_VITD],,,,,
,,,,25-hydroxycholecalciferol [CHOCALOH],,,,
,,,,25-hydroxyergocalciferol [ERGSTROH],,,,
,,,,cholecalciferol [CHOCAL],,,,
,,,,ergocalciferol [ERGCAL],,,,
,,,,ergosterol [ERGSTR],,,,
,,,,vitamin D [VITD],,,,
,,,Vitamin E components [GRP_VITE],,,,,
,,,,alpha-tocopherol [TOCPHA],,,,
,,,,alpha-tocotrienol [TOCTRA],,,,
,,,,beta-tocopherol [TOCPHB],,,,
,,,,beta-tocotrienol [TOCTRB],,,,
,,,,delta-tocopherol [TOCPHD],,,,
,,,,delta-tocotrienol [TOCTRD],,,,
,,,,gamma-tocopherol [TOCPHG],,,,
,,,,gamma-tocotrienol [TOCTRG],,,,
,,,,"tocopherols, total [TOCPHT]",,,,
,,,,"tocotrienols, total [TOCTRT]",,,,
,,,,vitamin E, alpha-tocopherol equiv from E vitamer activities [VITE],,,
,,,Vitamin K components [GRP_VITK],,,,,
,,,,dihydro-vitamin K-1 [VITK1D],,,,
,,,,Menaquinone-10 [MK10],,,,
,,,,Menaquinone-11 [MK11],,,,
,,,,Menaquinone-12 [MK12],,,,
,,,,Menaquinone-13 [MK13],,,,
,,,,Menaquinone-4 [MK4],,,,
,,,,Menaquinone-5 [MK5],,,,
,,,,Menaquinone-6 [MK6],,,,
,,,,Menaquinone-7 [MK7],,,,
,,,,Menaquinone-8 [MK8],,,,
,,,,Menaquinone-9 [MK9],,,,
,,,,"vitamin K, total [VITK]",,,,
,,,,vitamin K-1 [VITK1],,,,
,,,,vitamin K-2 [VITK2],,,,
,,Water soluble vitamins [GRP_VITH2O],,,,,,
,,,biotin [BIOT],,,,,
,,,Folate components [GRP_FOL],,,,,
,,,,10-formyldihydrofolate [FOLH2FM10],,,,
,,,,10-formylfolic acid [FOLFM10],,,,
,,,,5-formyltetrahydrofolic acid [FOLH4FM5],,,,
,,,,5-methyldihydrofolic acid [FOLH2ME5],,,,
,,,,5-methyltetrahydrofolate [FOLH4ME5],,,,
,,,,dihydrofolic acid [FOLH2],,,,
,,,,"folate, bound [FOLB]",,,,
,,,,"folate, food [FOLFD]",,,,
,,,,"folate, free [FOLFRE]",,,,
,,,,"folate, total [FOL]",,,,
,,,,"folic acid, synthetic [FOLAC]",,,,
,,,,tetrahydrofolate [FOLH4],,,,
,,,Vitamin B components [GRP_VITB],,,,,
,,,,2-(1-hydroxyethyl)thiamin [THIAHE],,,,
,,,,niacin equivalents from tryptophan [NIATRP],,,,
,,,,"niacin equivalents, total [NIAEQ]",,,,
,,,,"niacin, available [NIAAVL]",,,,
,,,,"niacin, preformed [NIA]",,,,
,,,,nicotinamide [NICOTAM],,,,
,,,,nicotinic acid [NICOTAC],,,,
,,,,pantothenic acid (vitamin B5) [PANTAC],,,,
,,,,pyridoxal [PYRXL],,,,
,,,,,pyridoxal hydrochloride [PYRXLHCL],,,
,,,,pyridoxamine [PYRXM],,,,
,,,,,pyridoxamine hydrochloride [PYRXMHCL],,,
,,,,pyridoxine [PYRXN],,,,
,,,,,pyridoxine hydrochloride [PYRXNHCL],,,
,,,,riboflavin [RIBF],,,,
,,,,thiamin [THIA],,,,
,,,,,thiamin chloride [THIACL],,,
,,,,,thiamin chloride hydrochloride [THIACLHCL],,,
,,,,,thiamin(1+) ion [THIA_1P],,,
,,,,vitamin B-12 [VITB12],,,,
,,,,"vitamin B-6, total [VITB6]",,,,
,,,Vitamin C components [GRP_VITC],,,,,
,,,,L-ascorbic acid [ASCL],,,,
,,,,L-dehydroascorbic acid [ASCDL],,,,
,,,,vitamin C [VITC],,,,
